1001,SANKAR,3001,CHENNAI,9373737374
1002,UMA,3001,CHENNAI,9373737374
1003,BANU,3002,CHENNAI,9373737364
1006,SOMU,3003,CHENNAI,9143737374
1007,MAHAL,3001,CHENNAI,9078737373
1008,AMIR,3003,CHENNAI,8373737374
1009,VINOTH,3004,CHENNAI,9973737370
1011,KUMARAN,3001,CHENNAI,9393737377
1012,AMIR,3003,CHENNAI,9370737374
1014,JOHN,3005,CHENNAI,9070737374
1015,JAMMAL,3005,CHENNAI,9670737373
1016,MOHAMED,3004,CHENNAI,9373737372
1018,BANISH,3003,CHENNAI,9373737374
1019,DAN,3002,CHENNAI,9373737374
1013,SAI,3001,CHENNAI,9373737374
1001,SANKAR,3004,CHENNAI,9073037376
